,Pred No Churn,Pred Churn
Actual No Churn,85.20345252774352,14.796547472256474
Actual Churn,18.73003506038177,81.26996493961823
