model,accuracy,precision,recall,f1,roc_auc
DNN Tuned,0.83184,0.8528329654157468,0.8126996493961823,0.832282773478018,0.9223992496370593
