model,accuracy,precision,recall,f1,roc_auc
LogReg Tuned,0.8416,0.8461658475700132,0.8451110245422673,0.8456381071177984,0.9302473984914927
