,Predicho: No Churn,Predicho: Churn
Real: No Churn,83.27990135635018,16.720098643649813
Real: Churn,15.971951694585119,84.02804830541488
