,Pred No Churn,Pred Churn
Actual No Churn,83.78956021372791,16.210439786272094
Actual Churn,15.488897545773275,84.51110245422673
