model,accuracy,precision,recall,f1,roc_auc
Logistic Regression,0.83664,0.8413292768546689,0.8402804830541488,0.8408045528962345,0.9262660108996686
Random Forest,0.84728,0.8465144877411421,0.8581223217763927,0.8522788826123965,0.9378240883732332
