,Predicho: No Churn,Predicho: Churn
Real: No Churn,83.58405260994657,16.415947390053432
Real: Churn,14.187767822360733,85.81223217763927
