,Pred No Churn,Pred Churn
Actual No Churn,84.2018740752918,15.798125924708204
Actual Churn,14.258999532491817,85.74100046750817
