model,accuracy,precision,recall,f1,roc_auc
RF Tuned,0.84992,0.8513074423642272,0.8574100046750818,0.8543478260869565,0.939612143182367
