model,accuracy,precision,recall,f1,roc_auc
RF Tuned,0.847,0.8465917833512848,0.8573432021815348,0.8519335733364302,0.9376157819592343
