model,accuracy,precision,recall,f1,roc_auc
RF Tuned,0.8454838709677419,0.844747443445925,0.8564247565190072,0.8505460218408737,0.9367183099570545
