,Pred 0,Pred 1
Actual 0,83.36924096784885,16.630759032151143
Actual 1,14.278982092365695,85.7210179076343
