model,accuracy,precision,recall,f1,roc_auc
RF Tuned,0.84864,0.8483029323481874,0.858745617452279,0.8534923339011925,0.937715152531154
