,Pred 0,Pred 1
Actual 0,83.60871352240032,16.39128647759967
Actual 1,14.265679781846513,85.73432021815348
