,Pred 0,Pred 1
Actual 0,83.79778051787916,16.20221948212084
Actual 1,14.125438254772108,85.8745617452279
