,Pred 0,Pred 1
Actual 0,83.39410009943653,16.60589990056347
Actual 1,14.357524348099277,85.64247565190072
