model,accuracy,precision,recall,f1,roc_auc
RF Tuned,0.8457661290322581,0.8446714650568842,0.8572101790763431,0.8508946322067594,0.9366041705130765
