model,roc_auc
RF Tuned,0.9381769273963332
LogReg Tuned,0.9302473984914927
DNN Tuned,0.9223992496370593
