model,accuracy,precision,recall,f1,roc_auc
RF Tuned,0.84748,0.8493108254607403,0.8545383716400468,0.8519165792846324,0.938250990191195
LogReg Tuned,0.8414,0.8461598501404933,0.8446435527853525,0.845401021561976,0.9302028032614145
DNN Tuned,0.82804,0.8502379780075496,0.8072458122321776,0.8281843251668598,0.9218913936745928
